{"cameraMode":{"drawMode":0,"name":"Shaded","section":"Shading Mode"},"sceneLighting":true,"audioPlay":false,"sceneViewState":{"showFog":true,"showMaterialUpdate":false,"showSkybox":true,"showFlares":true,"showImageEffects":true,"showParticleSystems":true},"in2DMode":false,"pivot":{"x":10.996536254882813,"y":-0.25232505798339846,"z":7.3580322265625},"rotation":{"x":-0.3042527735233307,"y":-0.5080123543739319,"z":0.19786718487739564,"w":-0.7811684608459473},"size":39.72580337524414,"orthographic":false}